Workbook

Sheet Số liệu thô
A1: Họ và tên | B1: MSSV | C1: Ca thực hành
A2: Nguyễn Thị Huỳnh Anh | B2: 23140059 | C2: C5P4
A3: Trần Thị Duyên | B3: 23140081
A6: Bảng 7.1. Thể tích các dung dịch sử dụng cho các thí nghiệm và thời gian phản ứng
A7: TN | B7: Nhiệt độ (℃) | C7: H2O (mL) | D7: DD đệm (mL) | E7: KI 0.050M (mL) | F7: Hồ tinh bột (giọt) | G7: Na2S2O3 0.050M (mL) | H7: Xúc tác (mL) | I7: H2O2 0.80M (mL) | J7: Nhiệt độ (℃) Đầu/Cuối | L7: Thời gian p/ứ Δt (giây)
J8: Đầu | K8: Cuối
A9: 1a | B9: Phòng | C9: 40 | D9: 15 | E9: 12.5 | F9: 3 | G9: 2.5 | H9: 0 | I9: 2.5 | J9: 31.2 | K9: 31.1 | L9: 171.23
A10: 2ab | B10: Phòng | C10: 37.5 | D10: 15 | E10: 12.5 | F10: 3 | G10: 2.5 | H10: 0 | I10: 5 | J10: 31.1 | K10: 31.5 | L10: 74.56
A11: 3a | B11: Phòng | C11: 35 | D11: 15 | E11: 12.5 | F11: 3 | G11: 2.5 | H11: 0 | I11: 7.5 | J11: 31.4 | K11: 31.8 | L11: 51.02
A12: 4a | B12: Phòng | C12: 32.5 | D12: 15 | E12: 12.5 | F12: 3 | G12: 2.5 | H12: 0 | I12: 10 | J12: 31.4 | K12: 31 | L12: 33
A13: 5b | B13: Phòng | C13: 30 | D13: 15 | E13: 20 | F13: 3 | G13: 2.5 | H13: 0 | I13: 5 | J13: 31.8 | K13: 31.7 | L13: 37.88
A14: 6b | B14: Phòng | C14: 25 | D14: 15 | E14: 25 | F14: 3 | G14: 2.5 | H14: 0 | I14: 5 | J14: 31.1 | K14: 31.2 | L14: 35.23
A15: 7b | B15: Phòng | C15: 20 | D15: 15 | E15: 30 | F15: 3 | G15: 2.5 | H15: 0 | I15: 5 | J15: 31 | K15: 31.4 | L15: 27.49
A16: 8 | B16: Phòng -10 | C16: 37.5 | D16: 15 | E16: 12.5 | F16: 3 | G16: 2.5 | H16: 0 | I16: 5 | J16: 20 | K16: 20.3 | L16: 165.98
A17: 9 | B17: Phòng +10 | C17: 37.5 | D17: 15 | E17: 12.5 | F17: 3 | G17: 2.5 | H17: 0 | I17: 5 | J17: 40.4 | K17: 39.7 | L17: 44
A18: 10 | B18: Phòng | C18: 35 | D18: 15 | E18: 12.5 | F18: 3 | G18: 2.5 | H18: 2.5 | I18: 5 | J18: 31 | K18: 31 | L18: 19.57
A21: TN | B21: Nhiệt độ trung bình | C21: [S2O3-] | D21: [KI] | E21: [H2O2] | F21: Tốc độ p/ứ
A22: 1a | B22: =AVERAGE(J9,K9) -> 31.15 | C22: =G9*0.05/(C9+D9+G9+E9+H9+I9) -> 0.0017241379 | D22: =E9*0.05/(C9+D9+E9+G9+H9+I9) -> 0.0086206897 | E22: =I9*0.8/(C9+D9+E9+G9+H9+I9) -> 0.027586207 | F22: =C22/(2*L9) -> 5.0345673e-06
A23: 2ab | B23: =AVERAGE(J10,K10) -> 31.3 | C23: =G10*0.05/(C10+D10+G10+E10+H10+I10) -> 0.0017241379 | D23: =E10*0.05/(C10+D10+E10+G10+H10+I10) -> 0.0086206897 | E23: =I10*0.8/(C10+D10+E10+G10+H10+I10) -> 0.055172414 | F23: =C23/(2*L10) -> 1.1562084e-05
A24: 3a | B24: =AVERAGE(J11,K11) -> 31.6 | C24: =G11*0.05/(C11+D11+G11+E11+H11+I11) -> 0.0017241379 | D24: =E11*0.05/(C11+D11+E11+G11+H11+I11) -> 0.0086206897 | E24: =I11*0.8/(C11+D11+E11+G11+H11+I11) -> 0.082758621 | F24: =C24/(2*L11) -> 1.6896687e-05
A25: 4a | B25: =AVERAGE(J12,K12) -> 31.2 | C25: =G12*0.05/(C12+D12+G12+E12+H12+I12) -> 0.0017241379 | D25: =E12*0.05/(C12+D12+E12+G12+H12+I12) -> 0.0086206897 | E25: =I12*0.8/(C12+D12+E12+G12+H12+I12) -> 0.11034483 | F25: =C25/(2*L12) -> 2.6123302e-05
A26: 5b | B26: =AVERAGE(J13,K13) -> 31.75 | C26: =G13*0.05/(C13+D13+G13+E13+H13+I13) -> 0.0017241379 | D26: =E13*0.05/(C13+D13+E13+G13+H13+I13) -> 0.013793103 | E26: =I13*0.8/(C13+D13+E13+G13+H13+I13) -> 0.055172414 | F26: =C26/(2*L13) -> 2.2757892e-05
A27: 6b | B27: =AVERAGE(J14,K14) -> 31.15 | C27: =G14*0.05/(C14+D14+G14+E14+H14+I14) -> 0.0017241379 | D27: =E14*0.05/(C14+D14+E14+G14+H14+I14) -> 0.017241379 | E27: =I14*0.8/(C14+D14+E14+G14+H14+I14) -> 0.055172414 | F27: =C27/(2*L14) -> 2.4469741e-05
A28: 7b | B28: =AVERAGE(J15,K15) -> 31.2 | C28: =G15*0.05/(C15+D15+G15+E15+H15+I15) -> 0.0017241379 | D28: =E15*0.05/(C15+D15+E15+G15+H15+I15) -> 0.020689655 | E28: =I15*0.8/(C15+D15+E15+G15+H15+I15) -> 0.055172414 | F28: =C28/(2*L15) -> 3.1359366e-05
A29: 8 | B29: =AVERAGE(J16,K16) -> 20.15 | C29: =G16*0.05/(C16+D16+G16+E16+H16+I16) -> 0.0017241379 | D29: =E16*0.05/(C16+D16+E16+G16+H16+I16) -> 0.0086206897 | E29: =I16*0.8/(C16+D16+E16+G16+H16+I16) -> 0.055172414 | F29: =C29/(2*L16) -> 5.1938123e-06
A30: 9 | B30: =AVERAGE(J17,K17) -> 40.05 | C30: =G17*0.05/(C17+D17+G17+E17+H17+I17) -> 0.0017241379 | D30: =E17*0.05/(C17+D17+E17+G17+H17+I17) -> 0.0086206897 | E30: =I17*0.8/(C17+D17+E17+G17+H17+I17) -> 0.055172414 | F30: =C30/(2*L17) -> 1.9592476e-05
A31: 10 | B31: =AVERAGE(J18,K18) -> 31 | C31: =G18*0.05/(C18+D18+G18+E18+H18+I18) -> 0.0017241379 | D31: =E18*0.05/(C18+D18+E18+G18+H18+I18) -> 0.0086206897 | E31: =I18*0.8/(C18+D18+E18+G18+H18+I18) -> 0.055172414 | F31: =C31/(2*L18) -> 4.4050535e-05

Sheet XĐ bậc I-
A1: [S2O32-] | B1: ='Số liệu thô'!C23 -> 0.0017241379
A2: T (°C) | B2: =AVERAGE('Số liệu thô'!B23,'Số liệu thô'!B26,'Số liệu thô'!B27,'Số liệu thô'!B28) -> 31.35
A4: TN | B4: Thời gian Δt (giây) | C4: V (M/giây) | D4: LogV | E4: [I-]0 M | F4: Log[I-]0
A5: 2ab | B5: ='Số liệu thô'!L10 -> 74.56 | C5: =$B$1/(2*B5) -> 1.1562084e-05 | D5: =LOG10(C5) -> -4.9369639 | E5: ='Số liệu thô'!D23 -> 0.0086206897 | F5: =LOG10(E5) -> -2.064458
A6: 5b | B6: ='Số liệu thô'!L13 -> 37.88 | C6: =$B$1/(2*B6) -> 2.2757892e-05 | D6: =LOG10(C6) -> -4.642868 | E6: ='Số liệu thô'!D26 -> 0.013793103 | F6: =LOG10(E6) -> -1.860338
A7: 6b | B7: ='Số liệu thô'!L14 -> 35.23 | C7: =$B$1/(2*B7) -> 2.4469741e-05 | D7: =LOG10(C7) -> -4.6113706 | E7: ='Số liệu thô'!D27 -> 0.017241379 | F7: =LOG10(E7) -> -1.763428
A8: 7b | B8: ='Số liệu thô'!L15 -> 27.49 | C8: =$B$1/(2*B8) -> 3.1359366e-05 | D8: =LOG10(C8) -> -4.5036327 | E8: ='Số liệu thô'!D28 -> 0.020689655 | F8: =LOG10(E8) -> -1.6842467
A26: Phương trình | C26: y = 1,1094x - 2,629
C27: R2 = 0.9658
A28: a | C28: 1.1094
A29: Bậc phản ứng của [I-]0 (p) | C29: 1

Sheet XĐ bậc H2O2
A1: [S2O32-] | B1: ='Số liệu thô'!C22 -> 0.0017241379
A2: T (°C) | B2: =AVERAGE('Số liệu thô'!B22,'Số liệu thô'!B23,'Số liệu thô'!B24,'Số liệu thô'!B25) -> 31.3125
A4: TN | B4: Thời gian Δt (giây) | C4: V (M/giây) | D4: LogV | E4: [H2O2]0 M | F4: Log[H2O2]0
A5: 1a | B5: ='Số liệu thô'!L9 -> 171.23 | C5: =$B$1/(2*B5) -> 5.0345673e-06 | D5: =LOG10(C5) -> -5.2980378 | E5: ='Số liệu thô'!E22 -> 0.027586207 | F5: =LOG10(E5) -> -1.559308
A6: 2ab | B6: ='Số liệu thô'!L10 -> 74.56 | C6: =$B$1/(2*B6) -> 1.1562084e-05 | D6: =LOG10(C6) -> -4.9369639 | E6: ='Số liệu thô'!E23 -> 0.055172414 | F6: =LOG10(E6) -> -1.258278
A7: 3a | B7: ='Số liệu thô'!L11 -> 51.02 | C7: =$B$1/(2*B7) -> 1.6896687e-05 | D7: =LOG10(C7) -> -4.7721984 | E7: ='Số liệu thô'!E24 -> 0.082758621 | F7: =LOG10(E7) -> -1.0821868
A8: 4a | B8: ='Số liệu thô'!L12 -> 33 | C8: =$B$1/(2*B8) -> 2.6123302e-05 | D8: =LOG10(C8) -> -4.5829719 | E8: ='Số liệu thô'!E25 -> 0.11034483 | F8: =LOG10(E8) -> -0.95724802
A29: Phương trình | C29: y = 1,1606x - 3,4883
C30: R2 = 0.9957
A31: a | C31: 1.1606
A32: Bậc phản ứng của [I-]0 (p) | C32: 1

Sheet Hằng số tốc độ p.ứ
A1: [S2O32-] | B1: ='Số liệu thô'!C23 -> 0.0017241379
A2: Bậc p/ứ của I- | B2: ='XĐ bậc I-'!C29 -> 1
A3: Bậc p/ứ của H2O2 | B3: ='XĐ bậc H2O2'!C32 -> 1
A5: TN | B5: [I-] | C5: [H2O2] | D5: V (M/giây) | E5: k'
A6: 1a | B6: ='Số liệu thô'!D22 -> 0.0086206897 | C6: ='Số liệu thô'!E22 -> 0.027586207 | D6: ='Số liệu thô'!F22 -> 5.0345673e-06 | E6: =D6/((B6^$B$2)*(C6^$B$3)) -> 0.021170356
A7: 2ab | B7: ='Số liệu thô'!D23 -> 0.0086206897 | C7: ='Số liệu thô'!E23 -> 0.055172414 | D7: ='Số liệu thô'!F23 -> 1.1562084e-05 | E7: =D7/((B7^$B$2)*(C7^$B$3)) -> 0.024309281
A8: 3a | B8: ='Số liệu thô'!D24 -> 0.0086206897 | C8: ='Số liệu thô'!E24 -> 0.082758621 | D8: ='Số liệu thô'!F24 -> 1.6896687e-05 | E8: =D8/((B8^$B$2)*(C8^$B$3)) -> 0.023683523
A9: 4a | B9: ='Số liệu thô'!D25 -> 0.0086206897 | C9: ='Số liệu thô'!E25 -> 0.11034483 | D9: ='Số liệu thô'!F25 -> 2.6123302e-05 | E9: =D9/((B9^$B$2)*(C9^$B$3)) -> 0.027462121
A10: 5b | B10: ='Số liệu thô'!D26 -> 0.013793103 | C10: ='Số liệu thô'!E26 -> 0.055172414 | D10: ='Số liệu thô'!F26 -> 2.2757892e-05 | E10: =D10/((B10^$B$2)*(C10^$B$3)) -> 0.029905293
A11: 6b | B11: ='Số liệu thô'!D27 -> 0.017241379 | C11: ='Số liệu thô'!E27 -> 0.055172414 | D11: ='Số liệu thô'!F27 -> 2.4469741e-05 | E11: =D11/((B11^$B$2)*(C11^$B$3)) -> 0.025723815
A12: 7b | B12: ='Số liệu thô'!D28 -> 0.020689655 | C12: ='Số liệu thô'!E28 -> 0.055172414 | D12: ='Số liệu thô'!F28 -> 3.1359366e-05 | E12: =D12/((B12^$B$2)*(C12^$B$3)) -> 0.027472111
A13: TRUNG BÌNH | E13: =AVERAGE(E6:E12) -> 0.025675214

Sheet Ảnh hưởng của nhiệt độ
A1: [S2O32-] | B1: ='Số liệu thô'!C23 -> 0.0017241379 | D1: TN | E1: [I-] | F1: [H2O2] | G1: V (M/giây) | H1: k'
A2: Bậc p/ứ của I- | B2: ='XĐ bậc I-'!C29 -> 1 | D2: 8 | E2: ='Số liệu thô'!D29 -> 0.0086206897 | F2: ='Số liệu thô'!E29 -> 0.055172414 | G2: ='Số liệu thô'!F29 -> 5.1938123e-06 | H2: =G2/((E2^$B$2)*(F2^$B$3)) -> 0.01091999
A3: Bậc p/ứ của H2O2 | B3: ='XĐ bậc H2O2'!C32 -> 1 | D3: 2ab | E3: ='Số liệu thô'!D23 -> 0.0086206897 | F3: ='Số liệu thô'!E23 -> 0.055172414 | G3: ='Số liệu thô'!F23 -> 1.1562084e-05 | H3: =G3/((E3^$B$2)*(F3^$B$3)) -> 0.024309281
D4: 9 | E4: ='Số liệu thô'!D30 -> 0.0086206897 | F4: ='Số liệu thô'!E30 -> 0.055172414 | G4: ='Số liệu thô'!F30 -> 1.9592476e-05 | H4: =G4/((E4^$B$2)*(F4^$B$3)) -> 0.041193182
A6: TN | B6: Nhiệt độ (°C) | C6: T | D6: 1/T (K-1) | E6: k' | F6: Lnk'
A7: 8 | B7: ='Số liệu thô'!B29 -> 20.15 | C7: =B7+273 -> 293.15 | D7: =1/C7 -> 0.0034112229 | E7: =H2 -> 0.01091999 | F7: =LN(E7) -> -4.5171602
A8: 2ab | B8: ='Số liệu thô'!B23 -> 31.3 | C8: =B8+273 -> 304.3 | D8: =1/C8 -> 0.0032862307 | E8: =H3 -> 0.024309281 | F8: =LN(E8) -> -3.7168971
A9: 9 | B9: ='Số liệu thô'!B30 -> 40.05 | C9: =B9+273 -> 313.05 | D9: =1/C9 -> 0.0031943779 | E9: =H4 -> 0.041193182 | F9: =LN(E9) -> -3.1894825
A29: Phương trình | C29: y = -6139x + 16,434
C30: R2 = 0.9991
A31: Ea/R | C31: 6139
A32: Ea | C32: =C31*8.314 -> 51039.646

Sheet Ảnh hưởng của xúc tác
A1: [S2O32-] | B1: ='Số liệu thô'!C23 -> 0.0017241379 | D1: TN | E1: [I-] | F1: [H2O2] | G1: V (M/giây) | H1: k'
A2: Bậc p/ứ của I- | B2: ='XĐ bậc I-'!C29 -> 1 | D2: 2ab | E2: ='Số liệu thô'!D23 -> 0.0086206897 | F2: ='Số liệu thô'!E23 -> 0.055172414 | G2: ='Số liệu thô'!F23 -> 1.1562084e-05 | H2: =G2/((E2^$B$2)*(F2^$B$3)) -> 0.024309281
A3: Bậc p/ứ của H2O2 | B3: ='XĐ bậc H2O2'!C32 -> 1 | D3: 10 | E3: ='Số liệu thô'!D31 -> 0.0086206897 | F3: ='Số liệu thô'!E31 -> 0.055172414 | G3: ='Số liệu thô'!F31 -> 4.4050535e-05 | H3: =G3/((E3^$B$2)*(F3^$B$3)) -> 0.092616249
A5: k'10/k'2ab | B5: =H3/H2 -> 3.8099131
A6: Nhận xét | B6: Chất xúc tác làm tăng tốc độ phản ứng

Sheet Trả lời câu hỏi
